ears_train_1.jpeg,0,0,200,200,100
ears_train_2.jpeg,0,0,200,200,10
ears_train_3.jpeg,0,0,200,200,11
ears_train_4.jpeg,0,0,200,200,11
ears_train_5.jpeg,0,0,200,200,11
ears_train_6.jpeg,0,0,200,200,11
ears_train_7.jpeg,0,0,200,200,11
ears_train_8.jpeg,0,0,200,200,11
ears_train_9.jpeg,0,0,200,200,11
ears_train_10.jpeg,0,0,200,200,12
ears_train_10.jpeg,0,0,200,200,12
ears_train_11.jpeg,0,0,200,200,12
ears_train_11.jpeg,0,0,200,200,12
ears_train_12.jpeg,0,0,200,200,12
ears_train_12.jpeg,0,0,200,200,12
ears_train_13.jpeg,0,0,200,200,12
ears_train_13.jpeg,0,0,200,200,12
ears_train_14.jpeg,0,0,200,200,12
ears_train_14.jpeg,0,0,200,200,12
ears_train_15.jpeg,0,0,200,200,12
ears_train_15.jpeg,0,0,200,200,12
ears_train_16.jpeg,0,0,200,200,12
ears_train_16.jpeg,0,0,200,200,12
ears_train_17.jpeg,0,0,200,200,13
ears_train_17.jpeg,0,0,200,200,13
ears_train_18.jpeg,0,0,200,200,13
ears_train_19.jpeg,0,0,200,200,13
ears_train_20.jpeg,0,0,200,200,13
ears_train_21.jpeg,0,0,200,200,13
ears_train_22.jpeg,0,0,200,200,13
ears_train_23.jpeg,0,0,200,200,13
ears_train_24.jpeg,0,0,200,200,13
ears_train_25.jpeg,0,0,200,200,13
ears_train_25.jpeg,0,0,200,200,13
ears_train_26.jpeg,0,0,200,200,14
ears_train_27.jpeg,0,0,200,200,14
ears_train_28.jpeg,0,0,200,200,14
ears_train_29.jpeg,0,0,200,200,14
ears_train_30.jpeg,0,0,200,200,14
ears_train_31.jpeg,0,0,200,200,14
ears_train_32.jpeg,0,0,200,200,14
ears_train_32.jpeg,0,0,200,200,14
ears_train_33.jpeg,0,0,200,200,2
ears_train_34.jpeg,0,0,200,200,14
ears_train_35.jpeg,0,0,200,200,15
ears_train_36.jpeg,0,0,200,200,15
ears_train_37.jpeg,0,0,200,200,15
ears_train_37.jpeg,0,0,200,200,15
ears_train_38.jpeg,0,0,200,200,15
ears_train_39.jpeg,0,0,200,200,15
ears_train_40.jpeg,0,0,200,200,15
ears_train_41.jpeg,0,0,200,200,2
ears_train_41.jpeg,0,0,200,200,2
ears_train_42.jpeg,0,0,200,200,15
ears_train_43.jpeg,0,0,200,200,16
ears_train_44.jpeg,0,0,200,200,16
ears_train_45.jpeg,0,0,200,200,16
ears_train_46.jpeg,0,0,200,200,16
ears_train_47.jpeg,0,0,200,200,16
ears_train_48.jpeg,0,0,200,200,16
ears_train_48.jpeg,0,0,200,200,16
ears_train_49.jpeg,0,0,200,200,2
ears_train_50.jpeg,0,0,200,200,16
ears_train_51.jpeg,0,0,200,200,17
ears_train_52.jpeg,0,0,200,200,17
ears_train_53.jpeg,0,0,200,200,17
ears_train_54.jpeg,0,0,200,200,17
ears_train_55.jpeg,0,0,200,200,17
ears_train_56.jpeg,0,0,200,200,17
ears_train_57.jpeg,0,0,200,200,2
ears_train_58.jpeg,0,0,200,200,17
ears_train_59.jpeg,0,0,200,200,18
ears_train_60.jpeg,0,0,200,200,18
ears_train_61.jpeg,0,0,200,200,18
ears_train_62.jpeg,0,0,200,200,18
ears_train_63.jpeg,0,0,200,200,18
ears_train_64.jpeg,0,0,200,200,18
ears_train_64.jpeg,0,0,200,200,18
ears_train_65.jpeg,0,0,200,200,18
ears_train_66.jpeg,0,0,200,200,2
ears_train_67.jpeg,0,0,200,200,19
ears_train_68.jpeg,0,0,200,200,19
ears_train_69.jpeg,0,0,200,200,19
ears_train_70.jpeg,0,0,200,200,19
ears_train_71.jpeg,0,0,200,200,19
ears_train_72.jpeg,0,0,200,200,19
ears_train_73.jpeg,0,0,200,200,19
ears_train_73.jpeg,0,0,200,200,19
ears_train_74.jpeg,0,0,200,200,19
ears_train_75.jpeg,0,0,200,200,19
ears_train_76.jpeg,0,0,200,200,2
ears_train_76.jpeg,0,0,200,200,2
ears_train_77.jpeg,0,0,200,200,20
ears_train_78.jpeg,0,0,200,200,20
ears_train_79.jpeg,0,0,200,200,20
ears_train_80.jpeg,0,0,200,200,20
ears_train_81.jpeg,0,0,200,200,20
ears_train_82.jpeg,0,0,200,200,20
ears_train_83.jpeg,0,0,200,200,20
ears_train_84.jpeg,0,0,200,200,2
ears_train_85.jpeg,0,0,200,200,20
ears_train_86.jpeg,0,0,200,200,21
ears_train_87.jpeg,0,0,200,200,21
ears_train_88.jpeg,0,0,200,200,21
ears_train_89.jpeg,0,0,200,200,21
ears_train_90.jpeg,0,0,200,200,21
ears_train_91.jpeg,0,0,200,200,21
ears_train_92.jpeg,0,0,200,200,2
ears_train_93.jpeg,0,0,200,200,21
ears_train_94.jpeg,0,0,200,200,22
ears_train_95.jpeg,0,0,200,200,22
ears_train_96.jpeg,0,0,200,200,22
ears_train_97.jpeg,0,0,200,200,22
ears_train_98.jpeg,0,0,200,200,22
ears_train_99.jpeg,0,0,200,200,22
ears_train_100.jpeg,0,0,200,200,3
ears_train_101.jpeg,0,0,200,200,22
ears_train_102.jpeg,0,0,200,200,23
ears_train_103.jpeg,0,0,200,200,23
ears_train_104.jpeg,0,0,200,200,23
ears_train_105.jpeg,0,0,200,200,23
ears_train_106.jpeg,0,0,200,200,23
ears_train_107.jpeg,0,0,200,200,23
ears_train_108.jpeg,0,0,200,200,23
ears_train_109.jpeg,0,0,200,200,24
ears_train_110.jpeg,0,0,200,200,24
ears_train_111.jpeg,0,0,200,200,24
ears_train_112.jpeg,0,0,200,200,24
ears_train_113.jpeg,0,0,200,200,24
ears_train_114.jpeg,0,0,200,200,24
ears_train_115.jpeg,0,0,200,200,24
ears_train_116.jpeg,0,0,200,200,25
ears_train_117.jpeg,0,0,200,200,25
ears_train_118.jpeg,0,0,200,200,25
ears_train_119.jpeg,0,0,200,200,25
ears_train_120.jpeg,0,0,200,200,25
ears_train_121.jpeg,0,0,200,200,25
ears_train_122.jpeg,0,0,200,200,25
ears_train_123.jpeg,0,0,200,200,25
ears_train_124.jpeg,0,0,200,200,25
ears_train_125.jpeg,0,0,200,200,26
ears_train_126.jpeg,0,0,200,200,26
ears_train_127.jpeg,0,0,200,200,26
ears_train_128.jpeg,0,0,200,200,26
ears_train_129.jpeg,0,0,200,200,26
ears_train_130.jpeg,0,0,200,200,26
ears_train_131.jpeg,0,0,200,200,26
ears_train_132.jpeg,0,0,200,200,3
ears_train_132.jpeg,0,0,200,200,3
ears_train_133.jpeg,0,0,200,200,26
ears_train_134.jpeg,0,0,200,200,27
ears_train_135.jpeg,0,0,200,200,27
ears_train_136.jpeg,0,0,200,200,27
ears_train_136.jpeg,0,0,200,200,27
ears_train_137.jpeg,0,0,200,200,27
ears_train_138.jpeg,0,0,200,200,27
ears_train_139.jpeg,0,0,200,200,27
ears_train_139.jpeg,0,0,200,200,27
ears_train_140.jpeg,0,0,200,200,3
ears_train_141.jpeg,0,0,200,200,27
ears_train_142.jpeg,0,0,200,200,28
ears_train_143.jpeg,0,0,200,200,28
ears_train_144.jpeg,0,0,200,200,28
ears_train_145.jpeg,0,0,200,200,28
ears_train_146.jpeg,0,0,200,200,28
ears_train_147.jpeg,0,0,200,200,28
ears_train_148.jpeg,0,0,200,200,3
ears_train_149.jpeg,0,0,200,200,28
ears_train_150.jpeg,0,0,200,200,29
ears_train_151.jpeg,0,0,200,200,29
ears_train_151.jpeg,0,0,200,200,29
ears_train_152.jpeg,0,0,200,200,29
ears_train_153.jpeg,0,0,200,200,29
ears_train_154.jpeg,0,0,200,200,29
ears_train_155.jpeg,0,0,200,200,29
ears_train_156.jpeg,0,0,200,200,3
ears_train_157.jpeg,0,0,200,200,29
ears_train_157.jpeg,0,0,200,200,29
ears_train_158.jpeg,0,0,200,200,30
ears_train_159.jpeg,0,0,200,200,30
ears_train_160.jpeg,0,0,200,200,30
ears_train_161.jpeg,0,0,200,200,30
ears_train_162.jpeg,0,0,200,200,30
ears_train_163.jpeg,0,0,200,200,30
ears_train_164.jpeg,0,0,200,200,30
ears_train_164.jpeg,0,0,200,200,30
ears_train_165.jpeg,0,0,200,200,3
ears_train_165.jpeg,0,0,200,200,3
ears_train_166.jpeg,0,0,200,200,1
ears_train_167.jpeg,0,0,200,200,31
ears_train_168.jpeg,0,0,200,200,31
ears_train_168.jpeg,0,0,200,200,31
ears_train_169.jpeg,0,0,200,200,31
ears_train_170.jpeg,0,0,200,200,31
ears_train_171.jpeg,0,0,200,200,31
ears_train_172.jpeg,0,0,200,200,31
ears_train_173.jpeg,0,0,200,200,31
ears_train_174.jpeg,0,0,200,200,31
ears_train_175.jpeg,0,0,200,200,31
ears_train_176.jpeg,0,0,200,200,3
ears_train_177.jpeg,0,0,200,200,32
ears_train_178.jpeg,0,0,200,200,32
ears_train_179.jpeg,0,0,200,200,32
ears_train_180.jpeg,0,0,200,200,32
ears_train_181.jpeg,0,0,200,200,32
ears_train_182.jpeg,0,0,200,200,32
ears_train_183.jpeg,0,0,200,200,32
ears_train_184.jpeg,0,0,200,200,4
ears_train_185.jpeg,0,0,200,200,32
ears_train_186.jpeg,0,0,200,200,33
ears_train_187.jpeg,0,0,200,200,33
ears_train_188.jpeg,0,0,200,200,33
ears_train_189.jpeg,0,0,200,200,33
ears_train_189.jpeg,0,0,200,200,33
ears_train_190.jpeg,0,0,200,200,33
ears_train_191.jpeg,0,0,200,200,33
ears_train_192.jpeg,0,0,200,200,4
ears_train_193.jpeg,0,0,200,200,33
ears_train_194.jpeg,0,0,200,200,34
ears_train_195.jpeg,0,0,200,200,34
ears_train_196.jpeg,0,0,200,200,34
ears_train_197.jpeg,0,0,200,200,34
ears_train_198.jpeg,0,0,200,200,34
ears_train_199.jpeg,0,0,200,200,34
ears_train_200.jpeg,0,0,200,200,4
ears_train_201.jpeg,0,0,200,200,34
ears_train_202.jpeg,0,0,200,200,35
ears_train_202.jpeg,0,0,200,200,35
ears_train_203.jpeg,0,0,200,200,35
ears_train_204.jpeg,0,0,200,200,35
ears_train_205.jpeg,0,0,200,200,35
ears_train_206.jpeg,0,0,200,200,35
ears_train_207.jpeg,0,0,200,200,35
ears_train_208.jpeg,0,0,200,200,35
ears_train_209.jpeg,0,0,200,200,36
ears_train_210.jpeg,0,0,200,200,36
ears_train_211.jpeg,0,0,200,200,36
ears_train_212.jpeg,0,0,200,200,36
ears_train_213.jpeg,0,0,200,200,36
ears_train_214.jpeg,0,0,200,200,36
ears_train_215.jpeg,0,0,200,200,36
ears_train_215.jpeg,0,0,200,200,36
ears_train_216.jpeg,0,0,200,200,37
ears_train_217.jpeg,0,0,200,200,37
ears_train_217.jpeg,0,0,200,200,37
ears_train_218.jpeg,0,0,200,200,37
ears_train_219.jpeg,0,0,200,200,37
ears_train_220.jpeg,0,0,200,200,37
ears_train_221.jpeg,0,0,200,200,37
ears_train_221.jpeg,0,0,200,200,37
ears_train_222.jpeg,0,0,200,200,37
ears_train_223.jpeg,0,0,200,200,37
ears_train_224.jpeg,0,0,200,200,37
ears_train_225.jpeg,0,0,200,200,38
ears_train_226.jpeg,0,0,200,200,38
ears_train_227.jpeg,0,0,200,200,38
ears_train_228.jpeg,0,0,200,200,38
ears_train_229.jpeg,0,0,200,200,38
ears_train_229.jpeg,0,0,200,200,38
ears_train_230.jpeg,0,0,200,200,38
ears_train_231.jpeg,0,0,200,200,38
ears_train_232.jpeg,0,0,200,200,4
ears_train_233.jpeg,0,0,200,200,38
ears_train_234.jpeg,0,0,200,200,39
ears_train_235.jpeg,0,0,200,200,39
ears_train_236.jpeg,0,0,200,200,39
ears_train_237.jpeg,0,0,200,200,39
ears_train_238.jpeg,0,0,200,200,39
ears_train_239.jpeg,0,0,200,200,39
ears_train_240.jpeg,0,0,200,200,4
ears_train_241.jpeg,0,0,200,200,39
ears_train_242.jpeg,0,0,200,200,40
ears_train_243.jpeg,0,0,200,200,40
ears_train_243.jpeg,0,0,200,200,40
ears_train_244.jpeg,0,0,200,200,40
ears_train_245.jpeg,0,0,200,200,40
ears_train_246.jpeg,0,0,200,200,40
ears_train_247.jpeg,0,0,200,200,40
ears_train_248.jpeg,0,0,200,200,4
ears_train_249.jpeg,0,0,200,200,1
ears_train_250.jpeg,0,0,200,200,40
ears_train_250.jpeg,0,0,200,200,40
ears_train_251.jpeg,0,0,200,200,41
ears_train_252.jpeg,0,0,200,200,41
ears_train_253.jpeg,0,0,200,200,41
ears_train_254.jpeg,0,0,200,200,41
ears_train_255.jpeg,0,0,200,200,41
ears_train_256.jpeg,0,0,200,200,41
ears_train_257.jpeg,0,0,200,200,4
ears_train_258.jpeg,0,0,200,200,41
ears_train_259.jpeg,0,0,200,200,42
ears_train_260.jpeg,0,0,200,200,42
ears_train_261.jpeg,0,0,200,200,42
ears_train_262.jpeg,0,0,200,200,42
ears_train_263.jpeg,0,0,200,200,42
ears_train_264.jpeg,0,0,200,200,42
ears_train_265.jpeg,0,0,200,200,42
ears_train_266.jpeg,0,0,200,200,5
ears_train_267.jpeg,0,0,200,200,43
ears_train_268.jpeg,0,0,200,200,43
ears_train_269.jpeg,0,0,200,200,43
ears_train_270.jpeg,0,0,200,200,43
ears_train_271.jpeg,0,0,200,200,43
ears_train_272.jpeg,0,0,200,200,43
ears_train_273.jpeg,0,0,200,200,43
ears_train_274.jpeg,0,0,200,200,43
ears_train_275.jpeg,0,0,200,200,43
ears_train_275.jpeg,0,0,200,200,43
ears_train_276.jpeg,0,0,200,200,5
ears_train_277.jpeg,0,0,200,200,44
ears_train_278.jpeg,0,0,200,200,44
ears_train_279.jpeg,0,0,200,200,44
ears_train_280.jpeg,0,0,200,200,44
ears_train_281.jpeg,0,0,200,200,44
ears_train_282.jpeg,0,0,200,200,44
ears_train_283.jpeg,0,0,200,200,44
ears_train_284.jpeg,0,0,200,200,5
ears_train_285.jpeg,0,0,200,200,44
ears_train_286.jpeg,0,0,200,200,45
ears_train_287.jpeg,0,0,200,200,45
ears_train_288.jpeg,0,0,200,200,45
ears_train_289.jpeg,0,0,200,200,45
ears_train_290.jpeg,0,0,200,200,45
ears_train_290.jpeg,0,0,200,200,45
ears_train_291.jpeg,0,0,200,200,45
ears_train_292.jpeg,0,0,200,200,5
ears_train_293.jpeg,0,0,200,200,45
ears_train_293.jpeg,0,0,200,200,45
ears_train_294.jpeg,0,0,200,200,46
ears_train_295.jpeg,0,0,200,200,46
ears_train_296.jpeg,0,0,200,200,46
ears_train_297.jpeg,0,0,200,200,46
ears_train_298.jpeg,0,0,200,200,46
ears_train_299.jpeg,0,0,200,200,46
ears_train_300.jpeg,0,0,200,200,5
ears_train_301.jpeg,0,0,200,200,46
ears_train_302.jpeg,0,0,200,200,47
ears_train_302.jpeg,0,0,200,200,47
ears_train_303.jpeg,0,0,200,200,47
ears_train_304.jpeg,0,0,200,200,47
ears_train_305.jpeg,0,0,200,200,47
ears_train_306.jpeg,0,0,200,200,47
ears_train_307.jpeg,0,0,200,200,47
ears_train_308.jpeg,0,0,200,200,47
ears_train_309.jpeg,0,0,200,200,48
ears_train_310.jpeg,0,0,200,200,48
ears_train_311.jpeg,0,0,200,200,48
ears_train_311.jpeg,0,0,200,200,48
ears_train_312.jpeg,0,0,200,200,48
ears_train_313.jpeg,0,0,200,200,48
ears_train_314.jpeg,0,0,200,200,48
ears_train_315.jpeg,0,0,200,200,48
ears_train_316.jpeg,0,0,200,200,49
ears_train_317.jpeg,0,0,200,200,49
ears_train_318.jpeg,0,0,200,200,49
ears_train_319.jpeg,0,0,200,200,49
ears_train_319.jpeg,0,0,200,200,49
ears_train_320.jpeg,0,0,200,200,49
ears_train_321.jpeg,0,0,200,200,49
ears_train_322.jpeg,0,0,200,200,49
ears_train_323.jpeg,0,0,200,200,49
ears_train_324.jpeg,0,0,200,200,49
ears_train_324.jpeg,0,0,200,200,49
ears_train_325.jpeg,0,0,200,200,50
ears_train_325.jpeg,0,0,200,200,50
ears_train_326.jpeg,0,0,200,200,50
ears_train_327.jpeg,0,0,200,200,50
ears_train_328.jpeg,0,0,200,200,50
ears_train_329.jpeg,0,0,200,200,50
ears_train_329.jpeg,0,0,200,200,50
ears_train_330.jpeg,0,0,200,200,50
ears_train_330.jpeg,0,0,200,200,50
ears_train_331.jpeg,0,0,200,200,50
ears_train_332.jpeg,0,0,200,200,5
ears_train_333.jpeg,0,0,200,200,1
ears_train_334.jpeg,0,0,200,200,50
ears_train_334.jpeg,0,0,200,200,50
ears_train_335.jpeg,0,0,200,200,51
ears_train_336.jpeg,0,0,200,200,51
ears_train_337.jpeg,0,0,200,200,51
ears_train_338.jpeg,0,0,200,200,51
ears_train_339.jpeg,0,0,200,200,51
ears_train_340.jpeg,0,0,200,200,51
ears_train_341.jpeg,0,0,200,200,5
ears_train_342.jpeg,0,0,200,200,51
ears_train_343.jpeg,0,0,200,200,52
ears_train_343.jpeg,0,0,200,200,52
ears_train_344.jpeg,0,0,200,200,52
ears_train_345.jpeg,0,0,200,200,52
ears_train_346.jpeg,0,0,200,200,52
ears_train_346.jpeg,0,0,200,200,52
ears_train_347.jpeg,0,0,200,200,52
ears_train_348.jpeg,0,0,200,200,52
ears_train_348.jpeg,0,0,200,200,52
ears_train_349.jpeg,0,0,200,200,6
ears_train_350.jpeg,0,0,200,200,52
ears_train_351.jpeg,0,0,200,200,53
ears_train_352.jpeg,0,0,200,200,53
ears_train_353.jpeg,0,0,200,200,53
ears_train_354.jpeg,0,0,200,200,53
ears_train_355.jpeg,0,0,200,200,53
ears_train_356.jpeg,0,0,200,200,53
ears_train_357.jpeg,0,0,200,200,6
ears_train_357.jpeg,0,0,200,200,6
ears_train_358.jpeg,0,0,200,200,53
ears_train_359.jpeg,0,0,200,200,54
ears_train_360.jpeg,0,0,200,200,54
ears_train_361.jpeg,0,0,200,200,54
ears_train_362.jpeg,0,0,200,200,54
ears_train_363.jpeg,0,0,200,200,54
ears_train_364.jpeg,0,0,200,200,54
ears_train_364.jpeg,0,0,200,200,54
ears_train_365.jpeg,0,0,200,200,54
ears_train_366.jpeg,0,0,200,200,6
ears_train_367.jpeg,0,0,200,200,55
ears_train_368.jpeg,0,0,200,200,55
ears_train_369.jpeg,0,0,200,200,55
ears_train_370.jpeg,0,0,200,200,55
ears_train_371.jpeg,0,0,200,200,55
ears_train_372.jpeg,0,0,200,200,55
ears_train_373.jpeg,0,0,200,200,55
ears_train_374.jpeg,0,0,200,200,55
ears_train_375.jpeg,0,0,200,200,55
ears_train_376.jpeg,0,0,200,200,6
ears_train_377.jpeg,0,0,200,200,56
ears_train_378.jpeg,0,0,200,200,56
ears_train_379.jpeg,0,0,200,200,56
ears_train_380.jpeg,0,0,200,200,56
ears_train_381.jpeg,0,0,200,200,56
ears_train_382.jpeg,0,0,200,200,56
ears_train_383.jpeg,0,0,200,200,56
ears_train_384.jpeg,0,0,200,200,6
ears_train_385.jpeg,0,0,200,200,56
ears_train_386.jpeg,0,0,200,200,57
ears_train_387.jpeg,0,0,200,200,57
ears_train_388.jpeg,0,0,200,200,57
ears_train_389.jpeg,0,0,200,200,57
ears_train_390.jpeg,0,0,200,200,57
ears_train_391.jpeg,0,0,200,200,57
ears_train_392.jpeg,0,0,200,200,6
ears_train_393.jpeg,0,0,200,200,57
ears_train_394.jpeg,0,0,200,200,58
ears_train_395.jpeg,0,0,200,200,58
ears_train_396.jpeg,0,0,200,200,58
ears_train_397.jpeg,0,0,200,200,58
ears_train_398.jpeg,0,0,200,200,58
ears_train_399.jpeg,0,0,200,200,58
ears_train_400.jpeg,0,0,200,200,6
ears_train_401.jpeg,0,0,200,200,58
ears_train_401.jpeg,0,0,200,200,58
ears_train_402.jpeg,0,0,200,200,59
ears_train_403.jpeg,0,0,200,200,59
ears_train_404.jpeg,0,0,200,200,59
ears_train_405.jpeg,0,0,200,200,59
ears_train_406.jpeg,0,0,200,200,59
ears_train_407.jpeg,0,0,200,200,59
ears_train_408.jpeg,0,0,200,200,59
ears_train_408.jpeg,0,0,200,200,59
ears_train_409.jpeg,0,0,200,200,60
ears_train_410.jpeg,0,0,200,200,60
ears_train_411.jpeg,0,0,200,200,60
ears_train_412.jpeg,0,0,200,200,60
ears_train_413.jpeg,0,0,200,200,60
ears_train_414.jpeg,0,0,200,200,60
ears_train_415.jpeg,0,0,200,200,60
ears_train_416.jpeg,0,0,200,200,1
ears_train_417.jpeg,0,0,200,200,61
ears_train_418.jpeg,0,0,200,200,61
ears_train_419.jpeg,0,0,200,200,61
ears_train_420.jpeg,0,0,200,200,61
ears_train_421.jpeg,0,0,200,200,61
ears_train_422.jpeg,0,0,200,200,61
ears_train_423.jpeg,0,0,200,200,61
ears_train_424.jpeg,0,0,200,200,61
ears_train_425.jpeg,0,0,200,200,61
ears_train_426.jpeg,0,0,200,200,62
ears_train_427.jpeg,0,0,200,200,62
ears_train_428.jpeg,0,0,200,200,62
ears_train_429.jpeg,0,0,200,200,62
ears_train_430.jpeg,0,0,200,200,62
ears_train_431.jpeg,0,0,200,200,62
ears_train_432.jpeg,0,0,200,200,62
ears_train_433.jpeg,0,0,200,200,7
ears_train_434.jpeg,0,0,200,200,62
ears_train_435.jpeg,0,0,200,200,63
ears_train_436.jpeg,0,0,200,200,63
ears_train_437.jpeg,0,0,200,200,63
ears_train_438.jpeg,0,0,200,200,63
ears_train_439.jpeg,0,0,200,200,63
ears_train_440.jpeg,0,0,200,200,63
ears_train_440.jpeg,0,0,200,200,63
ears_train_441.jpeg,0,0,200,200,7
ears_train_442.jpeg,0,0,200,200,63
ears_train_443.jpeg,0,0,200,200,64
ears_train_443.jpeg,0,0,200,200,64
ears_train_444.jpeg,0,0,200,200,64
ears_train_445.jpeg,0,0,200,200,64
ears_train_446.jpeg,0,0,200,200,64
ears_train_447.jpeg,0,0,200,200,64
ears_train_448.jpeg,0,0,200,200,64
ears_train_449.jpeg,0,0,200,200,7
ears_train_450.jpeg,0,0,200,200,64
ears_train_451.jpeg,0,0,200,200,65
ears_train_452.jpeg,0,0,200,200,65
ears_train_453.jpeg,0,0,200,200,65
ears_train_454.jpeg,0,0,200,200,65
ears_train_455.jpeg,0,0,200,200,65
ears_train_456.jpeg,0,0,200,200,65
ears_train_457.jpeg,0,0,200,200,65
ears_train_458.jpeg,0,0,200,200,66
ears_train_459.jpeg,0,0,200,200,66
ears_train_460.jpeg,0,0,200,200,66
ears_train_461.jpeg,0,0,200,200,66
ears_train_462.jpeg,0,0,200,200,66
ears_train_463.jpeg,0,0,200,200,66
ears_train_464.jpeg,0,0,200,200,66
ears_train_465.jpeg,0,0,200,200,7
ears_train_466.jpeg,0,0,200,200,67
ears_train_467.jpeg,0,0,200,200,67
ears_train_468.jpeg,0,0,200,200,67
ears_train_469.jpeg,0,0,200,200,67
ears_train_470.jpeg,0,0,200,200,67
ears_train_471.jpeg,0,0,200,200,67
ears_train_471.jpeg,0,0,200,200,67
ears_train_472.jpeg,0,0,200,200,67
ears_train_473.jpeg,0,0,200,200,67
ears_train_473.jpeg,0,0,200,200,67
ears_train_474.jpeg,0,0,200,200,67
ears_train_475.jpeg,0,0,200,200,7
ears_train_476.jpeg,0,0,200,200,68
ears_train_477.jpeg,0,0,200,200,68
ears_train_478.jpeg,0,0,200,200,68
ears_train_479.jpeg,0,0,200,200,68
ears_train_480.jpeg,0,0,200,200,68
ears_train_481.jpeg,0,0,200,200,68
ears_train_482.jpeg,0,0,200,200,68
ears_train_483.jpeg,0,0,200,200,7
ears_train_484.jpeg,0,0,200,200,68
ears_train_485.jpeg,0,0,200,200,69
ears_train_485.jpeg,0,0,200,200,69
ears_train_486.jpeg,0,0,200,200,69
ears_train_487.jpeg,0,0,200,200,69
ears_train_488.jpeg,0,0,200,200,69
ears_train_489.jpeg,0,0,200,200,69
ears_train_490.jpeg,0,0,200,200,69
ears_train_491.jpeg,0,0,200,200,7
ears_train_492.jpeg,0,0,200,200,69
ears_train_493.jpeg,0,0,200,200,70
ears_train_493.jpeg,0,0,200,200,70
ears_train_494.jpeg,0,0,200,200,70
ears_train_494.jpeg,0,0,200,200,70
ears_train_495.jpeg,0,0,200,200,70
ears_train_496.jpeg,0,0,200,200,70
ears_train_497.jpeg,0,0,200,200,70
ears_train_498.jpeg,0,0,200,200,70
ears_train_499.jpeg,0,0,200,200,7
ears_train_500.jpeg,0,0,200,200,1
ears_train_501.jpeg,0,0,200,200,70
ears_train_502.jpeg,0,0,200,200,71
ears_train_502.jpeg,0,0,200,200,71
ears_train_503.jpeg,0,0,200,200,71
ears_train_504.jpeg,0,0,200,200,71
ears_train_505.jpeg,0,0,200,200,71
ears_train_506.jpeg,0,0,200,200,71
ears_train_507.jpeg,0,0,200,200,71
ears_train_508.jpeg,0,0,200,200,71
ears_train_509.jpeg,0,0,200,200,72
ears_train_510.jpeg,0,0,200,200,72
ears_train_511.jpeg,0,0,200,200,72
ears_train_512.jpeg,0,0,200,200,72
ears_train_513.jpeg,0,0,200,200,72
ears_train_514.jpeg,0,0,200,200,72
ears_train_515.jpeg,0,0,200,200,72
ears_train_516.jpeg,0,0,200,200,73
ears_train_517.jpeg,0,0,200,200,73
ears_train_518.jpeg,0,0,200,200,73
ears_train_519.jpeg,0,0,200,200,73
ears_train_520.jpeg,0,0,200,200,73
ears_train_521.jpeg,0,0,200,200,73
ears_train_522.jpeg,0,0,200,200,73
ears_train_523.jpeg,0,0,200,200,73
ears_train_524.jpeg,0,0,200,200,73
ears_train_524.jpeg,0,0,200,200,73
ears_train_525.jpeg,0,0,200,200,74
ears_train_526.jpeg,0,0,200,200,74
ears_train_527.jpeg,0,0,200,200,74
ears_train_528.jpeg,0,0,200,200,74
ears_train_529.jpeg,0,0,200,200,74
ears_train_530.jpeg,0,0,200,200,74
ears_train_531.jpeg,0,0,200,200,74
ears_train_532.jpeg,0,0,200,200,8
ears_train_533.jpeg,0,0,200,200,74
ears_train_534.jpeg,0,0,200,200,75
ears_train_535.jpeg,0,0,200,200,75
ears_train_536.jpeg,0,0,200,200,75
ears_train_536.jpeg,0,0,200,200,75
ears_train_537.jpeg,0,0,200,200,75
ears_train_538.jpeg,0,0,200,200,75
ears_train_538.jpeg,0,0,200,200,75
ears_train_539.jpeg,0,0,200,200,75
ears_train_540.jpeg,0,0,200,200,8
ears_train_540.jpeg,0,0,200,200,8
ears_train_541.jpeg,0,0,200,200,75
ears_train_542.jpeg,0,0,200,200,76
ears_train_543.jpeg,0,0,200,200,76
ears_train_544.jpeg,0,0,200,200,76
ears_train_545.jpeg,0,0,200,200,76
ears_train_546.jpeg,0,0,200,200,76
ears_train_547.jpeg,0,0,200,200,76
ears_train_547.jpeg,0,0,200,200,76
ears_train_548.jpeg,0,0,200,200,8
ears_train_549.jpeg,0,0,200,200,76
ears_train_550.jpeg,0,0,200,200,77
ears_train_551.jpeg,0,0,200,200,77
ears_train_552.jpeg,0,0,200,200,77
ears_train_552.jpeg,0,0,200,200,77
ears_train_553.jpeg,0,0,200,200,77
ears_train_553.jpeg,0,0,200,200,77
ears_train_554.jpeg,0,0,200,200,77
ears_train_555.jpeg,0,0,200,200,77
ears_train_556.jpeg,0,0,200,200,8
ears_train_557.jpeg,0,0,200,200,77
ears_train_557.jpeg,0,0,200,200,77
ears_train_558.jpeg,0,0,200,200,78
ears_train_559.jpeg,0,0,200,200,78
ears_train_560.jpeg,0,0,200,200,78
ears_train_560.jpeg,0,0,200,200,78
ears_train_561.jpeg,0,0,200,200,78
ears_train_562.jpeg,0,0,200,200,78
ears_train_563.jpeg,0,0,200,200,78
ears_train_564.jpeg,0,0,200,200,78
ears_train_564.jpeg,0,0,200,200,78
ears_train_565.jpeg,0,0,200,200,8
ears_train_566.jpeg,0,0,200,200,79
ears_train_567.jpeg,0,0,200,200,79
ears_train_568.jpeg,0,0,200,200,79
ears_train_569.jpeg,0,0,200,200,79
ears_train_570.jpeg,0,0,200,200,79
ears_train_571.jpeg,0,0,200,200,79
ears_train_572.jpeg,0,0,200,200,79
ears_train_573.jpeg,0,0,200,200,79
ears_train_574.jpeg,0,0,200,200,79
ears_train_575.jpeg,0,0,200,200,8
ears_train_576.jpeg,0,0,200,200,80
ears_train_577.jpeg,0,0,200,200,80
ears_train_578.jpeg,0,0,200,200,80
ears_train_579.jpeg,0,0,200,200,80
ears_train_580.jpeg,0,0,200,200,80
ears_train_580.jpeg,0,0,200,200,80
ears_train_581.jpeg,0,0,200,200,80
ears_train_582.jpeg,0,0,200,200,80
ears_train_583.jpeg,0,0,200,200,8
ears_train_584.jpeg,0,0,200,200,1
ears_train_585.jpeg,0,0,200,200,80
ears_train_586.jpeg,0,0,200,200,81
ears_train_587.jpeg,0,0,200,200,81
ears_train_588.jpeg,0,0,200,200,81
ears_train_589.jpeg,0,0,200,200,81
ears_train_589.jpeg,0,0,200,200,81
ears_train_590.jpeg,0,0,200,200,81
ears_train_591.jpeg,0,0,200,200,81
ears_train_592.jpeg,0,0,200,200,8
ears_train_593.jpeg,0,0,200,200,81
ears_train_594.jpeg,0,0,200,200,82
ears_train_595.jpeg,0,0,200,200,82
ears_train_596.jpeg,0,0,200,200,82
ears_train_597.jpeg,0,0,200,200,82
ears_train_598.jpeg,0,0,200,200,82
ears_train_599.jpeg,0,0,200,200,82
ears_train_600.jpeg,0,0,200,200,9
ears_train_601.jpeg,0,0,200,200,82
ears_train_602.jpeg,0,0,200,200,83
ears_train_603.jpeg,0,0,200,200,83
ears_train_603.jpeg,0,0,200,200,83
ears_train_604.jpeg,0,0,200,200,83
ears_train_605.jpeg,0,0,200,200,83
ears_train_605.jpeg,0,0,200,200,83
ears_train_606.jpeg,0,0,200,200,83
ears_train_606.jpeg,0,0,200,200,83
ears_train_607.jpeg,0,0,200,200,83
ears_train_608.jpeg,0,0,200,200,83
ears_train_609.jpeg,0,0,200,200,84
ears_train_610.jpeg,0,0,200,200,84
ears_train_611.jpeg,0,0,200,200,84
ears_train_612.jpeg,0,0,200,200,84
ears_train_613.jpeg,0,0,200,200,84
ears_train_613.jpeg,0,0,200,200,84
ears_train_614.jpeg,0,0,200,200,84
ears_train_615.jpeg,0,0,200,200,84
ears_train_616.jpeg,0,0,200,200,85
ears_train_617.jpeg,0,0,200,200,85
ears_train_618.jpeg,0,0,200,200,85
ears_train_619.jpeg,0,0,200,200,85
ears_train_620.jpeg,0,0,200,200,85
ears_train_621.jpeg,0,0,200,200,85
ears_train_622.jpeg,0,0,200,200,85
ears_train_623.jpeg,0,0,200,200,85
ears_train_623.jpeg,0,0,200,200,85
ears_train_624.jpeg,0,0,200,200,85
ears_train_625.jpeg,0,0,200,200,86
ears_train_626.jpeg,0,0,200,200,86
ears_train_627.jpeg,0,0,200,200,86
ears_train_627.jpeg,0,0,200,200,86
ears_train_628.jpeg,0,0,200,200,86
ears_train_629.jpeg,0,0,200,200,86
ears_train_630.jpeg,0,0,200,200,86
ears_train_631.jpeg,0,0,200,200,86
ears_train_632.jpeg,0,0,200,200,9
ears_train_633.jpeg,0,0,200,200,86
ears_train_634.jpeg,0,0,200,200,87
ears_train_635.jpeg,0,0,200,200,87
ears_train_636.jpeg,0,0,200,200,87
ears_train_637.jpeg,0,0,200,200,87
ears_train_637.jpeg,0,0,200,200,87
ears_train_638.jpeg,0,0,200,200,87
ears_train_638.jpeg,0,0,200,200,87
ears_train_639.jpeg,0,0,200,200,87
ears_train_640.jpeg,0,0,200,200,9
ears_train_641.jpeg,0,0,200,200,87
ears_train_641.jpeg,0,0,200,200,87
ears_train_642.jpeg,0,0,200,200,88
ears_train_643.jpeg,0,0,200,200,88
ears_train_644.jpeg,0,0,200,200,88
ears_train_645.jpeg,0,0,200,200,88
ears_train_646.jpeg,0,0,200,200,88
ears_train_647.jpeg,0,0,200,200,88
ears_train_648.jpeg,0,0,200,200,9
ears_train_649.jpeg,0,0,200,200,88
ears_train_650.jpeg,0,0,200,200,89
ears_train_651.jpeg,0,0,200,200,89
ears_train_652.jpeg,0,0,200,200,89
ears_train_653.jpeg,0,0,200,200,89
ears_train_654.jpeg,0,0,200,200,89
ears_train_655.jpeg,0,0,200,200,89
ears_train_656.jpeg,0,0,200,200,9
ears_train_657.jpeg,0,0,200,200,89
ears_train_658.jpeg,0,0,200,200,90
ears_train_659.jpeg,0,0,200,200,90
ears_train_660.jpeg,0,0,200,200,90
ears_train_661.jpeg,0,0,200,200,90
ears_train_662.jpeg,0,0,200,200,90
ears_train_663.jpeg,0,0,200,200,90
ears_train_664.jpeg,0,0,200,200,90
ears_train_665.jpeg,0,0,200,200,9
ears_train_666.jpeg,0,0,200,200,1
ears_train_667.jpeg,0,0,200,200,91
ears_train_668.jpeg,0,0,200,200,91
ears_train_668.jpeg,0,0,200,200,91
ears_train_669.jpeg,0,0,200,200,91
ears_train_669.jpeg,0,0,200,200,91
ears_train_670.jpeg,0,0,200,200,91
ears_train_671.jpeg,0,0,200,200,91
ears_train_672.jpeg,0,0,200,200,91
ears_train_673.jpeg,0,0,200,200,91
ears_train_674.jpeg,0,0,200,200,91
ears_train_675.jpeg,0,0,200,200,91
ears_train_675.jpeg,0,0,200,200,91
ears_train_676.jpeg,0,0,200,200,9
ears_train_677.jpeg,0,0,200,200,92
ears_train_678.jpeg,0,0,200,200,92
ears_train_679.jpeg,0,0,200,200,92
ears_train_680.jpeg,0,0,200,200,92
ears_train_680.jpeg,0,0,200,200,92
ears_train_681.jpeg,0,0,200,200,92
ears_train_681.jpeg,0,0,200,200,92
ears_train_682.jpeg,0,0,200,200,92
ears_train_682.jpeg,0,0,200,200,92
ears_train_683.jpeg,0,0,200,200,92
ears_train_683.jpeg,0,0,200,200,92
ears_train_684.jpeg,0,0,200,200,10
ears_train_684.jpeg,0,0,200,200,10
ears_train_685.jpeg,0,0,200,200,92
ears_train_686.jpeg,0,0,200,200,93
ears_train_687.jpeg,0,0,200,200,93
ears_train_688.jpeg,0,0,200,200,93
ears_train_689.jpeg,0,0,200,200,93
ears_train_690.jpeg,0,0,200,200,93
ears_train_690.jpeg,0,0,200,200,93
ears_train_691.jpeg,0,0,200,200,10
ears_train_691.jpeg,0,0,200,200,10
ears_train_692.jpeg,0,0,200,200,93
ears_train_693.jpeg,0,0,200,200,94
ears_train_694.jpeg,0,0,200,200,94
ears_train_695.jpeg,0,0,200,200,94
ears_train_696.jpeg,0,0,200,200,94
ears_train_697.jpeg,0,0,200,200,94
ears_train_698.jpeg,0,0,200,200,94
ears_train_699.jpeg,0,0,200,200,10
ears_train_699.jpeg,0,0,200,200,10
ears_train_700.jpeg,0,0,200,200,94
ears_train_701.jpeg,0,0,200,200,95
ears_train_701.jpeg,0,0,200,200,95
ears_train_702.jpeg,0,0,200,200,95
ears_train_702.jpeg,0,0,200,200,95
ears_train_703.jpeg,0,0,200,200,95
ears_train_704.jpeg,0,0,200,200,95
ears_train_705.jpeg,0,0,200,200,95
ears_train_706.jpeg,0,0,200,200,95
ears_train_707.jpeg,0,0,200,200,95
ears_train_708.jpeg,0,0,200,200,96
ears_train_709.jpeg,0,0,200,200,96
ears_train_709.jpeg,0,0,200,200,96
ears_train_710.jpeg,0,0,200,200,96
ears_train_711.jpeg,0,0,200,200,96
ears_train_712.jpeg,0,0,200,200,96
ears_train_712.jpeg,0,0,200,200,96
ears_train_713.jpeg,0,0,200,200,96
ears_train_714.jpeg,0,0,200,200,97
ears_train_714.jpeg,0,0,200,200,97
ears_train_715.jpeg,0,0,200,200,97
ears_train_716.jpeg,0,0,200,200,97
ears_train_717.jpeg,0,0,200,200,97
ears_train_718.jpeg,0,0,200,200,97
ears_train_718.jpeg,0,0,200,200,97
ears_train_719.jpeg,0,0,200,200,97
ears_train_720.jpeg,0,0,200,200,97
ears_train_720.jpeg,0,0,200,200,97
ears_train_721.jpeg,0,0,200,200,97
ears_train_722.jpeg,0,0,200,200,97
ears_train_723.jpeg,0,0,200,200,98
ears_train_724.jpeg,0,0,200,200,98
ears_train_725.jpeg,0,0,200,200,98
ears_train_726.jpeg,0,0,200,200,98
ears_train_727.jpeg,0,0,200,200,98
ears_train_728.jpeg,0,0,200,200,98
ears_train_729.jpeg,0,0,200,200,98
ears_train_730.jpeg,0,0,200,200,10
ears_train_730.jpeg,0,0,200,200,10
ears_train_731.jpeg,0,0,200,200,98
ears_train_732.jpeg,0,0,200,200,99
ears_train_733.jpeg,0,0,200,200,99
ears_train_734.jpeg,0,0,200,200,99
ears_train_735.jpeg,0,0,200,200,99
ears_train_736.jpeg,0,0,200,200,99
ears_train_737.jpeg,0,0,200,200,99
ears_train_738.jpeg,0,0,200,200,10
ears_train_739.jpeg,0,0,200,200,99
ears_train_740.jpeg,0,0,200,200,100
ears_train_741.jpeg,0,0,200,200,100
ears_train_741.jpeg,0,0,200,200,100
ears_train_742.jpeg,0,0,200,200,100
ears_train_743.jpeg,0,0,200,200,100
ears_train_744.jpeg,0,0,200,200,100
ears_train_745.jpeg,0,0,200,200,100
ears_train_746.jpeg,0,0,200,200,10
ears_train_747.jpeg,0,0,200,200,1
ears_train_748.jpeg,0,0,200,200,1
ears_train_749.jpeg,0,0,200,200,7
ears_train_750.jpeg,0,0,200,200,67
ears_train_750.jpeg,0,0,200,200,67
