AWE-Full image path,AWE image path,Subject ID
test/0001.png,011/07.png,M
test/0002.png,011/08.png,M
test/0003.png,011/09.png,M
test/0004.png,001/03.png,M
test/0005.png,012/08.png,M
test/0006.png,012/09.png,M
test/0007.png,002/01.png,M
test/0008.png,012/10.png,M
test/0009.png,002/02.png,M
test/0010.png,013/03.png,M
test/0011.png,014/02.png,M
test/0012.png,014/10.png,M
test/0013.png,015/02.png,M
test/0014.png,015/07.png,M
test/0015.png,015/03.png,M
test/0016.png,016/07.png,M
test/0017.png,016/08.png,M
test/0018.png,016/09.png,M
test/0019.png,017/07.png,M
test/0020.png,017/08.png,M
test/0021.png,017/09.png,M
test/0022.png,018/08.png,M
test/0023.png,018/09.png,M
test/0024.png,018/10.png,M
test/0025.png,019/03.png,M
test/0026.png,020/01.png,F
test/0027.png,020/02.png,F
test/0028.png,021/04.png,M
test/0029.png,021/05.png,M
test/0030.png,021/02.png,M
test/0031.png,022/07.png,M
test/0032.png,022/08.png,M
test/0033.png,022/09.png,M
test/0034.png,023/07.png,M
test/0035.png,023/08.png,M
test/0036.png,023/09.png,M
test/0037.png,003/04.png,M
test/0038.png,024/08.png,M
test/0039.png,024/09.png,M
test/0040.png,003/05.png,M
test/0041.png,024/10.png,M
test/0042.png,003/06.png,M
test/0043.png,025/03.png,M
test/0044.png,026/01.png,F
test/0045.png,026/04.png,F
test/0046.png,027/04.png,M
test/0047.png,027/05.png,M
test/0048.png,027/01.png,M
test/0049.png,028/07.png,M
test/0050.png,028/08.png,M
test/0051.png,028/02.png,M
test/0052.png,029/02.png,M
test/0053.png,029/09.png,M
test/0054.png,029/10.png,M
test/0055.png,030/09.png,M
test/0056.png,030/10.png,M
test/0057.png,030/02.png,M
test/0058.png,031/03.png,M
test/0059.png,032/01.png,M
test/0060.png,032/04.png,M
test/0061.png,033/05.png,F
test/0062.png,033/01.png,F
test/0063.png,033/06.png,F
test/0064.png,034/01.png,M
test/0065.png,034/08.png,M
test/0066.png,034/02.png,M
test/0067.png,035/06.png,M
test/0068.png,035/07.png,M
test/0069.png,035/08.png,M
test/0070.png,004/06.png,M
test/0071.png,036/10.png,M
test/0072.png,036/01.png,M
test/0073.png,004/07.png,M
test/0074.png,036/02.png,M
test/0075.png,004/02.png,M
test/0076.png,037/10.png,F
test/0077.png,038/02.png,M
test/0078.png,038/03.png,M
test/0079.png,039/03.png,M
test/0080.png,039/04.png,M
test/0081.png,039/05.png,M
test/0082.png,040/06.png,M
test/0083.png,040/03.png,M
test/0084.png,040/07.png,M
test/0085.png,041/07.png,M
test/0086.png,041/08.png,M
test/0087.png,041/09.png,M
test/0088.png,042/09.png,M
test/0089.png,042/10.png,M
test/0090.png,042/01.png,M
test/0091.png,043/10.png,M
test/0092.png,044/02.png,M
test/0093.png,044/03.png,M
test/0094.png,045/02.png,M
test/0095.png,045/03.png,M
test/0096.png,045/04.png,M
test/0097.png,046/05.png,M
test/0098.png,046/02.png,M
test/0099.png,046/06.png,M
test/0100.png,047/09.png,M
test/0101.png,047/10.png,M
test/0102.png,047/02.png,M
test/0103.png,005/05.png,M
test/0104.png,048/09.png,M
test/0105.png,048/10.png,M
test/0106.png,005/06.png,M
test/0107.png,048/03.png,M
test/0108.png,005/07.png,M
test/0109.png,049/10.png,M
test/0110.png,050/03.png,M
test/0111.png,050/04.png,M
test/0112.png,051/04.png,M
test/0113.png,051/05.png,M
test/0114.png,051/06.png,M
test/0115.png,052/06.png,M
test/0116.png,052/07.png,M
test/0117.png,052/08.png,M
test/0118.png,053/06.png,F
test/0119.png,053/07.png,F
test/0120.png,053/08.png,F
test/0121.png,054/02.png,M
test/0122.png,054/03.png,M
test/0123.png,054/04.png,M
test/0124.png,055/10.png,M
test/0125.png,056/02.png,M
test/0126.png,056/03.png,M
test/0127.png,057/03.png,M
test/0128.png,057/04.png,M
test/0129.png,057/05.png,M
test/0130.png,058/06.png,M
test/0131.png,058/07.png,M
test/0132.png,058/08.png,M
test/0133.png,059/07.png,M
test/0134.png,059/08.png,M
test/0135.png,059/09.png,M
test/0136.png,006/06.png,M
test/0137.png,060/09.png,M
test/0138.png,060/04.png,M
test/0139.png,006/07.png,M
test/0140.png,060/10.png,M
test/0141.png,006/08.png,M
test/0142.png,061/04.png,M
test/0143.png,062/01.png,M
test/0144.png,062/04.png,M
test/0145.png,063/04.png,M
test/0146.png,063/05.png,M
test/0147.png,063/06.png,M
test/0148.png,064/06.png,M
test/0149.png,064/07.png,M
test/0150.png,064/08.png,M
test/0151.png,065/08.png,M
test/0152.png,065/09.png,M
test/0153.png,065/10.png,M
test/0154.png,066/09.png,M
test/0155.png,066/10.png,M
test/0156.png,066/02.png,M
test/0157.png,068/01.png,M
test/0158.png,068/02.png,M
test/0159.png,069/04.png,M
test/0160.png,069/05.png,M
test/0161.png,069/06.png,M
test/0162.png,070/03.png,M
test/0163.png,070/06.png,M
test/0164.png,070/07.png,M
test/0165.png,071/02.png,M
test/0166.png,071/08.png,M
test/0167.png,071/09.png,M
test/0168.png,007/10.png,M
test/0169.png,072/09.png,M
test/0170.png,072/10.png,M
test/0171.png,008/01.png,M
test/0172.png,072/03.png,M
test/0173.png,008/06.png,M
test/0174.png,073/03.png,M
test/0175.png,074/01.png,F
test/0176.png,074/02.png,F
test/0177.png,075/02.png,M
test/0178.png,075/03.png,M
test/0179.png,075/04.png,M
test/0180.png,076/06.png,F
test/0181.png,076/07.png,F
test/0182.png,076/08.png,F
test/0183.png,077/07.png,M
test/0184.png,077/08.png,M
test/0185.png,077/09.png,M
test/0186.png,078/05.png,M
test/0187.png,078/01.png,M
test/0188.png,078/02.png,M
test/0189.png,079/10.png,M
test/0190.png,080/01.png,M
test/0191.png,080/02.png,M
test/0192.png,081/05.png,M
test/0193.png,081/06.png,M
test/0194.png,081/02.png,M
test/0195.png,082/06.png,M
test/0196.png,082/01.png,M
test/0197.png,082/02.png,M
test/0198.png,083/02.png,M
test/0199.png,083/08.png,M
test/0200.png,083/09.png,M
test/0201.png,009/04.png,F
test/0202.png,084/10.png,M
test/0203.png,084/02.png,M
test/0204.png,009/01.png,F
test/0205.png,084/03.png,M
test/0206.png,009/05.png,F
test/0207.png,085/02.png,M
test/0208.png,086/01.png,F
test/0209.png,086/06.png,F
test/0210.png,087/04.png,M
test/0211.png,087/05.png,M
test/0212.png,087/06.png,M
test/0213.png,088/08.png,M
test/0214.png,088/09.png,M
test/0215.png,088/10.png,M
test/0216.png,089/07.png,M
test/0217.png,089/08.png,M
test/0218.png,089/09.png,M
test/0219.png,090/08.png,M
test/0220.png,090/09.png,M
test/0221.png,090/10.png,M
test/0222.png,091/03.png,M
test/0223.png,092/01.png,M
test/0224.png,092/03.png,M
test/0225.png,093/02.png,M
test/0226.png,093/05.png,M
test/0227.png,093/03.png,M
test/0228.png,094/04.png,M
test/0229.png,094/05.png,M
test/0230.png,094/06.png,M
test/0231.png,095/07.png,M
test/0232.png,095/08.png,M
test/0233.png,095/09.png,M
test/0234.png,010/07.png,M
test/0235.png,096/02.png,M
test/0236.png,096/03.png,M
test/0237.png,010/08.png,M
test/0238.png,096/04.png,M
test/0239.png,010/02.png,M
test/0240.png,097/02.png,M
test/0241.png,098/01.png,M
test/0242.png,098/03.png,M
test/0243.png,099/04.png,M
test/0244.png,099/01.png,M
test/0245.png,099/05.png,M
test/0246.png,M/04.png,M
test/0247.png,M/05.png,M
test/0248.png,M/06.png,M
test/0249.png,093/08.png,M
test/0250.png,096/10.png,M
train/0001.png,M/10.png,M
train/0002.png,010/04.png,M
train/0003.png,011/02.png,M
train/0004.png,011/03.png,M
train/0005.png,011/04.png,M
train/0006.png,011/05.png,M
train/0007.png,011/06.png,M
train/0008.png,011/10.png,M
train/0009.png,011/01.png,M
train/0010.png,012/01.png,M
train/0011.png,012/02.png,M
train/0012.png,012/03.png,M
train/0013.png,012/04.png,M
train/0014.png,012/05.png,M
train/0015.png,012/06.png,M
train/0016.png,012/07.png,M
train/0017.png,013/04.png,M
train/0018.png,013/05.png,M
train/0019.png,013/01.png,M
train/0020.png,013/06.png,M
train/0021.png,013/07.png,M
train/0022.png,013/02.png,M
train/0023.png,013/08.png,M
train/0024.png,013/09.png,M
train/0025.png,013/10.png,M
train/0026.png,014/03.png,M
train/0027.png,014/04.png,M
train/0028.png,014/05.png,M
train/0029.png,014/06.png,M
train/0030.png,014/07.png,M
train/0031.png,014/08.png,M
train/0032.png,014/09.png,M
train/0033.png,002/03.png,M
train/0034.png,014/01.png,M
train/0035.png,015/01.png,M
train/0036.png,015/04.png,M
train/0037.png,015/08.png,M
train/0038.png,015/09.png,M
train/0039.png,015/05.png,M
train/0040.png,015/10.png,M
train/0041.png,002/04.png,M
train/0042.png,015/06.png,M
train/0043.png,016/04.png,M
train/0044.png,016/05.png,M
train/0045.png,016/06.png,M
train/0046.png,016/10.png,M
train/0047.png,016/01.png,M
train/0048.png,016/02.png,M
train/0049.png,002/05.png,M
train/0050.png,016/03.png,M
train/0051.png,017/04.png,M
train/0052.png,017/05.png,M
train/0053.png,017/01.png,M
train/0054.png,017/02.png,M
train/0055.png,017/06.png,M
train/0056.png,017/03.png,M
train/0057.png,002/06.png,M
train/0058.png,017/10.png,M
train/0059.png,018/01.png,M
train/0060.png,018/02.png,M
train/0061.png,018/03.png,M
train/0062.png,018/04.png,M
train/0063.png,018/05.png,M
train/0064.png,018/06.png,M
train/0065.png,018/07.png,M
train/0066.png,002/07.png,M
train/0067.png,019/04.png,M
train/0068.png,019/05.png,M
train/0069.png,019/06.png,M
train/0070.png,019/07.png,M
train/0071.png,019/08.png,M
train/0072.png,019/09.png,M
train/0073.png,019/01.png,M
train/0074.png,019/10.png,M
train/0075.png,019/02.png,M
train/0076.png,002/08.png,M
train/0077.png,020/04.png,F
train/0078.png,020/05.png,F
train/0079.png,020/06.png,F
train/0080.png,020/07.png,F
train/0081.png,020/08.png,F
train/0082.png,020/09.png,F
train/0083.png,020/10.png,F
train/0084.png,002/09.png,M
train/0085.png,020/03.png,F
train/0086.png,021/01.png,M
train/0087.png,021/06.png,M
train/0088.png,021/07.png,M
train/0089.png,021/08.png,M
train/0090.png,021/09.png,M
train/0091.png,021/10.png,M
train/0092.png,002/10.png,M
train/0093.png,021/03.png,M
train/0094.png,022/01.png,M
train/0095.png,022/06.png,M
train/0096.png,022/02.png,M
train/0097.png,022/02.png,M
train/0098.png,022/10.png,M
train/0099.png,022/03.png,M
train/0100.png,003/03.png,M
train/0101.png,022/04.png,M
train/0102.png,023/01.png,M
train/0103.png,023/03.png,M
train/0104.png,023/04.png,M
train/0105.png,023/05.png,M
train/0106.png,023/06.png,M
train/0107.png,023/10.png,M
train/0108.png,023/02.png,M
train/0109.png,024/01.png,M
train/0110.png,024/03.png,M
train/0111.png,024/02.png,M
train/0112.png,024/04.png,M
train/0113.png,024/05.png,M
train/0114.png,024/06.png,M
train/0115.png,024/07.png,M
train/0116.png,025/04.png,M
train/0117.png,025/01.png,M
train/0118.png,025/05.png,M
train/0119.png,025/06.png,M
train/0120.png,025/07.png,M
train/0121.png,025/08.png,M
train/0122.png,025/09.png,M
train/0123.png,025/02.png,M
train/0124.png,025/10.png,M
train/0125.png,026/05.png,F
train/0126.png,026/02.png,F
train/0127.png,026/06.png,F
train/0128.png,026/07.png,F
train/0129.png,026/08.png,F
train/0130.png,026/09.png,F
train/0131.png,026/10.png,F
train/0132.png,003/07.png,M
train/0133.png,026/03.png,F
train/0134.png,027/03.png,M
train/0135.png,027/06.png,M
train/0136.png,027/07.png,M
train/0137.png,027/08.png,M
train/0138.png,027/09.png,M
train/0139.png,027/10.png,M
train/0140.png,003/08.png,M
train/0141.png,027/02.png,M
train/0142.png,028/05.png,M
train/0143.png,028/06.png,M
train/0144.png,028/01.png,M
train/0145.png,028/09.png,M
train/0146.png,028/03.png,M
train/0147.png,028/10.png,M
train/0148.png,003/09.png,M
train/0149.png,028/04.png,M
train/0150.png,029/01.png,M
train/0151.png,029/05.png,M
train/0152.png,029/06.png,M
train/0153.png,029/07.png,M
train/0154.png,029/08.png,M
train/0155.png,029/03.png,M
train/0156.png,003/10.png,M
train/0157.png,029/04.png,M
train/0158.png,030/03.png,M
train/0159.png,030/01.png,M
train/0160.png,030/04.png,M
train/0161.png,030/05.png,M
train/0162.png,030/06.png,M
train/0163.png,030/07.png,M
train/0164.png,030/08.png,M
train/0165.png,003/01.png,M
train/0166.png,001/02.png,M
train/0167.png,031/01.png,M
train/0168.png,031/04.png,M
train/0169.png,031/05.png,M
train/0170.png,031/02.png,M
train/0171.png,031/06.png,M
train/0172.png,031/07.png,M
train/0173.png,031/08.png,M
train/0174.png,031/09.png,M
train/0175.png,031/10.png,M
train/0176.png,003/02.png,M
train/0177.png,032/02.png,M
train/0178.png,032/05.png,M
train/0179.png,032/06.png,M
train/0180.png,032/07.png,M
train/0181.png,032/08.png,M
train/0182.png,032/09.png,M
train/0183.png,032/10.png,M
train/0184.png,004/01.png,M
train/0185.png,032/03.png,M
train/0186.png,033/04.png,F
train/0187.png,033/07.png,F
train/0188.png,033/08.png,F
train/0189.png,033/09.png,F
train/0190.png,033/02.png,F
train/0191.png,033/10.png,F
train/0192.png,004/04.png,M
train/0193.png,033/03.png,F
train/0194.png,034/05.png,M
train/0195.png,034/06.png,M
train/0196.png,034/07.png,M
train/0197.png,034/09.png,M
train/0198.png,034/10.png,M
train/0199.png,034/03.png,M
train/0200.png,004/05.png,M
train/0201.png,034/04.png,M
train/0202.png,035/01.png,M
train/0203.png,035/02.png,M
train/0204.png,035/03.png,M
train/0205.png,035/04.png,M
train/0206.png,035/05.png,M
train/0207.png,035/09.png,M
train/0208.png,035/10.png,M
train/0209.png,036/03.png,M
train/0210.png,036/04.png,M
train/0211.png,036/05.png,M
train/0212.png,036/06.png,M
train/0213.png,036/07.png,M
train/0214.png,036/08.png,M
train/0215.png,036/09.png,M
train/0216.png,037/01.png,F
train/0217.png,037/02.png,F
train/0218.png,037/03.png,F
train/0219.png,037/04.png,F
train/0220.png,037/05.png,F
train/0221.png,037/06.png,F
train/0222.png,037/07.png,F
train/0223.png,037/08.png,F
train/0224.png,037/09.png,F
train/0225.png,038/04.png,M
train/0226.png,038/05.png,M
train/0227.png,038/06.png,M
train/0228.png,038/07.png,M
train/0229.png,038/08.png,M
train/0230.png,038/09.png,M
train/0231.png,038/10.png,M
train/0232.png,004/08.png,M
train/0233.png,038/01.png,M
train/0234.png,039/02.png,M
train/0235.png,039/06.png,M
train/0236.png,039/07.png,M
train/0237.png,039/08.png,M
train/0238.png,039/09.png,M
train/0239.png,039/10.png,M
train/0240.png,004/09.png,M
train/0241.png,039/01.png,M
train/0242.png,040/01.png,M
train/0243.png,040/02.png,M
train/0244.png,040/05.png,M
train/0245.png,040/08.png,M
train/0246.png,040/09.png,M
train/0247.png,040/10.png,M
train/0248.png,004/10.png,M
train/0249.png,001/04.png,M
train/0250.png,040/04.png,M
train/0251.png,041/01.png,M
train/0252.png,041/03.png,M
train/0253.png,041/04.png,M
train/0254.png,041/05.png,M
train/0255.png,041/06.png,M
train/0256.png,041/10.png,M
train/0257.png,004/03.png,M
train/0258.png,041/02.png,M
train/0259.png,042/02.png,M
train/0260.png,042/03.png,M
train/0261.png,042/04.png,M
train/0262.png,042/05.png,M
train/0263.png,042/06.png,M
train/0264.png,042/07.png,M
train/0265.png,042/08.png,M
train/0266.png,005/01.png,M
train/0267.png,043/01.png,M
train/0268.png,043/02.png,M
train/0269.png,043/03.png,M
train/0270.png,043/04.png,M
train/0271.png,043/05.png,M
train/0272.png,043/06.png,M
train/0273.png,043/07.png,M
train/0274.png,043/08.png,M
train/0275.png,043/09.png,M
train/0276.png,005/09.png,M
train/0277.png,044/04.png,M
train/0278.png,044/05.png,M
train/0279.png,044/06.png,M
train/0280.png,044/07.png,M
train/0281.png,044/08.png,M
train/0282.png,044/09.png,M
train/0283.png,044/01.png,M
train/0284.png,005/10.png,M
train/0285.png,044/10.png,M
train/0286.png,045/01.png,M
train/0287.png,045/05.png,M
train/0288.png,045/06.png,M
train/0289.png,045/07.png,M
train/0290.png,045/08.png,M
train/0291.png,045/09.png,M
train/0292.png,005/04.png,M
train/0293.png,045/10.png,M
train/0294.png,046/03.png,M
train/0295.png,046/04.png,M
train/0296.png,046/01.png,M
train/0297.png,046/07.png,M
train/0298.png,046/08.png,M
train/0299.png,046/09.png,M
train/0300.png,005/02.png,M
train/0301.png,046/10.png,M
train/0302.png,047/01.png,M
train/0303.png,047/05.png,M
train/0304.png,047/06.png,M
train/0305.png,047/07.png,M
train/0306.png,047/08.png,M
train/0307.png,047/03.png,M
train/0308.png,047/04.png,M
train/0309.png,048/01.png,M
train/0310.png,048/04.png,M
train/0311.png,048/05.png,M
train/0312.png,048/06.png,M
train/0313.png,048/07.png,M
train/0314.png,048/08.png,M
train/0315.png,048/02.png,M
train/0316.png,049/01.png,M
train/0317.png,049/02.png,M
train/0318.png,049/03.png,M
train/0319.png,049/04.png,M
train/0320.png,049/05.png,M
train/0321.png,049/06.png,M
train/0322.png,049/07.png,M
train/0323.png,049/08.png,M
train/0324.png,049/09.png,M
train/0325.png,050/05.png,M
train/0326.png,050/06.png,M
train/0327.png,050/07.png,M
train/0328.png,050/08.png,M
train/0329.png,050/09.png,M
train/0330.png,050/01.png,M
train/0331.png,050/10.png,M
train/0332.png,005/08.png,M
train/0333.png,001/05.png,M
train/0334.png,050/02.png,M
train/0335.png,051/03.png,M
train/0336.png,051/07.png,M
train/0337.png,051/08.png,M
train/0338.png,051/01.png,M
train/0339.png,051/09.png,M
train/0340.png,051/10.png,M
train/0341.png,005/03.png,M
train/0342.png,051/02.png,M
train/0343.png,052/01.png,M
train/0344.png,052/04.png,M
train/0345.png,052/05.png,M
train/0346.png,052/09.png,M
train/0347.png,052/10.png,M
train/0348.png,052/02.png,M
train/0349.png,006/01.png,M
train/0350.png,052/03.png,M
train/0351.png,053/01.png,F
train/0352.png,053/02.png,F
train/0353.png,053/03.png,F
train/0354.png,053/04.png,F
train/0355.png,053/05.png,F
train/0356.png,053/09.png,F
train/0357.png,006/09.png,M
train/0358.png,053/10.png,F
train/0359.png,054/05.png,M
train/0360.png,054/06.png,M
train/0361.png,054/01.png,M
train/0362.png,054/07.png,M
train/0363.png,054/08.png,M
train/0364.png,054/09.png,M
train/0365.png,054/10.png,M
train/0366.png,006/10.png,M
train/0367.png,055/01.png,M
train/0368.png,055/03.png,M
train/0369.png,055/04.png,M
train/0370.png,055/05.png,M
train/0371.png,055/06.png,M
train/0372.png,055/07.png,M
train/0373.png,055/08.png,M
train/0374.png,055/02.png,M
train/0375.png,055/09.png,M
train/0376.png,006/02.png,M
train/0377.png,056/04.png,M
train/0378.png,056/01.png,M
train/0379.png,056/05.png,M
train/0380.png,056/06.png,M
train/0381.png,056/07.png,M
train/0382.png,056/08.png,M
train/0383.png,056/09.png,M
train/0384.png,006/03.png,M
train/0385.png,056/10.png,M
train/0386.png,057/02.png,M
train/0387.png,057/06.png,M
train/0388.png,057/07.png,M
train/0389.png,057/08.png,M
train/0390.png,057/09.png,M
train/0391.png,057/01.png,M
train/0392.png,006/04.png,M
train/0393.png,057/10.png,M
train/0394.png,058/01.png,M
train/0395.png,058/04.png,M
train/0396.png,058/05.png,M
train/0397.png,058/09.png,M
train/0398.png,058/10.png,M
train/0399.png,058/02.png,M
train/0400.png,006/05.png,M
train/0401.png,058/03.png,M
train/0402.png,059/01.png,M
train/0403.png,059/03.png,M
train/0404.png,059/04.png,M
train/0405.png,059/05.png,M
train/0406.png,059/06.png,M
train/0407.png,059/10.png,M
train/0408.png,059/02.png,M
train/0409.png,060/01.png,M
train/0410.png,060/05.png,M
train/0411.png,060/02.png,M
train/0412.png,060/06.png,M
train/0413.png,060/03.png,M
train/0414.png,060/07.png,M
train/0415.png,060/08.png,M
train/0416.png,001/06.png,M
train/0417.png,061/05.png,M
train/0418.png,061/06.png,M
train/0419.png,061/07.png,M
train/0420.png,061/01.png,M
train/0421.png,061/02.png,M
train/0422.png,061/08.png,M
train/0423.png,061/09.png,M
train/0424.png,061/10.png,M
train/0425.png,061/03.png,M
train/0426.png,062/05.png,M
train/0427.png,062/02.png,M
train/0428.png,062/06.png,M
train/0429.png,062/07.png,M
train/0430.png,062/08.png,M
train/0431.png,062/09.png,M
train/0432.png,062/10.png,M
train/0433.png,007/01.png,M
train/0434.png,062/03.png,M
train/0435.png,063/03.png,M
train/0436.png,063/07.png,M
train/0437.png,063/08.png,M
train/0438.png,063/09.png,M
train/0439.png,063/10.png,M
train/0440.png,063/01.png,M
train/0441.png,007/02.png,M
train/0442.png,063/02.png,M
train/0443.png,064/03.png,M
train/0444.png,064/04.png,M
train/0445.png,064/05.png,M
train/0446.png,064/09.png,M
train/0447.png,064/01.png,M
train/0448.png,064/10.png,M
train/0449.png,007/03.png,M
train/0450.png,064/02.png,M
train/0451.png,065/01.png,M
train/0452.png,065/05.png,M
train/0453.png,065/06.png,M
train/0454.png,065/02.png,M
train/0455.png,065/07.png,M
train/0456.png,065/03.png,M
train/0457.png,065/04.png,M
train/0458.png,066/01.png,M
train/0459.png,066/03.png,M
train/0460.png,066/04.png,M
train/0461.png,066/05.png,M
train/0462.png,066/06.png,M
train/0463.png,066/07.png,M
train/0464.png,066/08.png,M
train/0465.png,007/05.png,M
train/0466.png,067/01.png,M
train/0467.png,067/05.png,M
train/0468.png,067/06.png,M
train/0469.png,067/07.png,M
train/0470.png,067/08.png,M
train/0471.png,067/02.png,M
train/0472.png,067/09.png,M
train/0473.png,067/10.png,M
train/0474.png,067/03.png,M
train/0475.png,007/06.png,M
train/0476.png,068/03.png,M
train/0477.png,068/04.png,M
train/0478.png,068/05.png,M
train/0479.png,068/06.png,M
train/0480.png,068/07.png,M
train/0481.png,068/08.png,M
train/0482.png,068/09.png,M
train/0483.png,007/07.png,M
train/0484.png,068/10.png,M
train/0485.png,069/03.png,M
train/0486.png,069/07.png,M
train/0487.png,069/08.png,M
train/0488.png,069/09.png,M
train/0489.png,069/01.png,M
train/0490.png,069/10.png,M
train/0491.png,007/08.png,M
train/0492.png,069/02.png,M
train/0493.png,070/01.png,M
train/0494.png,070/02.png,M
train/0495.png,070/05.png,M
train/0496.png,070/08.png,M
train/0497.png,070/09.png,M
train/0498.png,070/10.png,M
train/0499.png,007/09.png,M
train/0500.png,001/07.png,M
train/0501.png,070/04.png,M
train/0502.png,071/04.png,M
train/0503.png,071/01.png,M
train/0504.png,071/05.png,M
train/0505.png,071/06.png,M
train/0506.png,071/07.png,M
train/0507.png,071/10.png,M
train/0508.png,071/03.png,M
train/0509.png,072/01.png,M
train/0510.png,072/02.png,M
train/0511.png,072/04.png,M
train/0512.png,072/05.png,M
train/0513.png,072/06.png,M
train/0514.png,072/07.png,M
train/0515.png,072/08.png,M
train/0516.png,073/04.png,M
train/0517.png,073/05.png,M
train/0518.png,073/06.png,M
train/0519.png,073/07.png,M
train/0520.png,073/08.png,M
train/0521.png,073/01.png,M
train/0522.png,073/09.png,M
train/0523.png,073/10.png,M
train/0524.png,073/02.png,M
train/0525.png,074/03.png,F
train/0526.png,074/04.png,F
train/0527.png,074/05.png,F
train/0528.png,074/06.png,F
train/0529.png,074/07.png,F
train/0530.png,074/08.png,F
train/0531.png,074/09.png,F
train/0532.png,008/07.png,M
train/0533.png,074/10.png,F
train/0534.png,075/01.png,M
train/0535.png,075/05.png,M
train/0536.png,075/06.png,M
train/0537.png,075/07.png,M
train/0538.png,075/08.png,M
train/0539.png,075/09.png,M
train/0540.png,008/02.png,M
train/0541.png,075/10.png,M
train/0542.png,076/03.png,F
train/0543.png,076/04.png,F
train/0544.png,076/05.png,F
train/0545.png,076/09.png,F
train/0546.png,076/01.png,F
train/0547.png,076/10.png,F
train/0548.png,008/03.png,M
train/0549.png,076/02.png,F
train/0550.png,077/02.png,M
train/0551.png,077/03.png,M
train/0552.png,077/04.png,M
train/0553.png,077/05.png,M
train/0554.png,077/06.png,M
train/0555.png,077/10.png,M
train/0556.png,008/08.png,M
train/0557.png,077/01.png,M
train/0558.png,078/06.png,M
train/0559.png,078/03.png,M
train/0560.png,078/07.png,M
train/0561.png,078/08.png,M
train/0562.png,078/04.png,M
train/0563.png,078/09.png,M
train/0564.png,078/10.png,M
train/0565.png,008/09.png,M
train/0566.png,079/02.png,M
train/0567.png,079/03.png,M
train/0568.png,079/04.png,M
train/0569.png,079/01.png,M
train/0570.png,079/05.png,M
train/0571.png,079/06.png,M
train/0572.png,079/07.png,M
train/0573.png,079/08.png,M
train/0574.png,079/09.png,M
train/0575.png,008/10.png,M
train/0576.png,080/03.png,M
train/0577.png,080/04.png,M
train/0578.png,080/05.png,M
train/0579.png,080/06.png,M
train/0580.png,080/07.png,M
train/0581.png,080/08.png,M
train/0582.png,080/09.png,M
train/0583.png,008/04.png,M
train/0584.png,001/08.png,M
train/0585.png,080/10.png,M
train/0586.png,081/01.png,M
train/0587.png,081/03.png,M
train/0588.png,081/07.png,M
train/0589.png,081/08.png,M
train/0590.png,081/09.png,M
train/0591.png,081/10.png,M
train/0592.png,008/05.png,M
train/0593.png,081/04.png,M
train/0594.png,082/03.png,M
train/0595.png,082/04.png,M
train/0596.png,082/05.png,M
train/0597.png,082/07.png,M
train/0598.png,082/08.png,M
train/0599.png,082/09.png,M
train/0600.png,009/03.png,F
train/0601.png,082/10.png,M
train/0602.png,083/01.png,M
train/0603.png,083/04.png,M
train/0604.png,083/05.png,M
train/0605.png,083/06.png,M
train/0606.png,083/07.png,M
train/0607.png,083/10.png,M
train/0608.png,083/03.png,M
train/0609.png,084/04.png,M
train/0610.png,084/05.png,M
train/0611.png,084/06.png,M
train/0612.png,084/07.png,M
train/0613.png,084/01.png,M
train/0614.png,084/08.png,M
train/0615.png,084/09.png,M
train/0616.png,085/01.png,M
train/0617.png,085/03.png,M
train/0618.png,085/04.png,M
train/0619.png,085/05.png,M
train/0620.png,085/06.png,M
train/0621.png,085/07.png,M
train/0622.png,085/08.png,M
train/0623.png,085/09.png,M
train/0624.png,085/10.png,M
train/0625.png,086/07.png,F
train/0626.png,086/08.png,F
train/0627.png,086/09.png,F
train/0628.png,086/10.png,F
train/0629.png,086/02.png,F
train/0630.png,086/03.png,F
train/0631.png,086/04.png,F
train/0632.png,009/06.png,F
train/0633.png,086/05.png,F
train/0634.png,087/01.png,M
train/0635.png,087/02.png,M
train/0636.png,087/07.png,M
train/0637.png,087/08.png,M
train/0638.png,087/09.png,M
train/0639.png,087/10.png,M
train/0640.png,009/07.png,F
train/0641.png,087/03.png,M
train/0642.png,088/05.png,M
train/0643.png,088/06.png,M
train/0644.png,088/07.png,M
train/0645.png,088/01.png,M
train/0646.png,088/02.png,M
train/0647.png,088/03.png,M
train/0648.png,009/08.png,F
train/0649.png,088/04.png,M
train/0650.png,089/02.png,M
train/0651.png,089/03.png,M
train/0652.png,089/04.png,M
train/0653.png,089/05.png,M
train/0654.png,089/06.png,M
train/0655.png,089/10.png,M
train/0656.png,009/09.png,F
train/0657.png,089/01.png,M
train/0658.png,090/01.png,M
train/0659.png,090/04.png,M
train/0660.png,090/05.png,M
train/0661.png,090/02.png,M
train/0662.png,090/06.png,M
train/0663.png,090/07.png,M
train/0664.png,090/03.png,M
train/0665.png,009/10.png,F
train/0666.png,001/09.png,M
train/0667.png,091/04.png,M
train/0668.png,091/05.png,M
train/0669.png,091/06.png,M
train/0670.png,091/01.png,M
train/0671.png,091/07.png,M
train/0672.png,091/08.png,M
train/0673.png,091/09.png,M
train/0674.png,091/10.png,M
train/0675.png,091/02.png,M
train/0676.png,009/02.png,F
train/0677.png,092/04.png,M
train/0678.png,092/05.png,M
train/0679.png,092/02.png,M
train/0680.png,092/06.png,M
train/0681.png,092/07.png,M
train/0682.png,092/08.png,M
train/0683.png,092/09.png,M
train/0684.png,010/05.png,M
train/0685.png,092/10.png,M
train/0686.png,093/01.png,M
train/0687.png,093/06.png,M
train/0688.png,093/07.png,M
train/0689.png,093/09.png,M
train/0690.png,093/10.png,M
train/0691.png,010/06.png,M
train/0692.png,093/04.png,M
train/0693.png,094/01.png,M
train/0694.png,094/02.png,M
train/0695.png,094/03.png,M
train/0696.png,094/07.png,M
train/0697.png,094/08.png,M
train/0698.png,094/09.png,M
train/0699.png,010/01.png,M
train/0700.png,094/10.png,M
train/0701.png,095/02.png,M
train/0702.png,095/03.png,M
train/0703.png,095/04.png,M
train/0704.png,095/05.png,M
train/0705.png,095/06.png,M
train/0706.png,095/10.png,M
train/0707.png,095/01.png,M
train/0708.png,096/05.png,M
train/0709.png,096/06.png,M
train/0710.png,096/07.png,M
train/0711.png,096/08.png,M
train/0712.png,096/01.png,M
train/0713.png,096/09.png,M
train/0714.png,097/03.png,M
train/0715.png,097/04.png,M
train/0716.png,097/05.png,M
train/0717.png,097/06.png,M
train/0718.png,097/07.png,M
train/0719.png,097/08.png,M
train/0720.png,097/09.png,M
train/0721.png,097/01.png,M
train/0722.png,097/10.png,M
train/0723.png,098/04.png,M
train/0724.png,098/05.png,M
train/0725.png,098/06.png,M
train/0726.png,098/02.png,M
train/0727.png,098/07.png,M
train/0728.png,098/08.png,M
train/0729.png,098/09.png,M
train/0730.png,010/09.png,M
train/0731.png,098/10.png,M
train/0732.png,099/03.png,M
train/0733.png,099/06.png,M
train/0734.png,099/07.png,M
train/0735.png,099/08.png,M
train/0736.png,099/09.png,M
train/0737.png,099/10.png,M
train/0738.png,010/10.png,M
train/0739.png,099/02.png,M
train/0740.png,M/01.png,M
train/0741.png,M/02.png,M
train/0742.png,M/03.png,M
train/0743.png,M/07.png,M
train/0744.png,M/08.png,M
train/0745.png,M/09.png,M
train/0746.png,010/03.png,M
train/0747.png,001/10.png,M
train/0748.png,001/01.png,M
train/0749.png,007/04.png,M
train/0750.png,067/04.png,M
